[
{"companyName":"Bashirian Group","companyId":"inw459rk37","companyDirector":"Elke Halegarth","turnover":973397,"noOfEmployees":35,"companyAddress":"168 Novick Alley"},
{"companyName":"Wunsch-Nitzsche","companyId":"ghe923zo30","companyDirector":"Tuckie Drakes","turnover":438459,"noOfEmployees":100,"companyAddress":"9349 Schlimgen Junction"},
{"companyName":"Hodkiewicz Inc","companyId":"clu076lx66","companyDirector":"Cesaro Hubbucke","turnover":384718,"noOfEmployees":107,"companyAddress":"851 Mccormick Road"},
{"companyName":"Runolfsson, Zboncak and Schmidt","companyId":"hwi971uu14","companyDirector":"Jeramey Polhill","turnover":171561,"noOfEmployees":167,"companyAddress":"97 Coleman Pass"},
{"companyName":"Beahan LLC","companyId":"one771tv55","companyDirector":"Celesta Joicey","turnover":516670,"noOfEmployees":58,"companyAddress":"80983 Onsgard Hill"},
{"companyName":"Carroll-Leuschke","companyId":"nfa521zt99","companyDirector":"Joelly Speaks","turnover":583534,"noOfEmployees":81,"companyAddress":"94 Karstens Point"},
{"companyName":"Gutkowski-Marquardt","companyId":"txq358yw95","companyDirector":"Ange Winthrop","turnover":985396,"noOfEmployees":192,"companyAddress":"40954 Summerview Place"},
{"companyName":"Abernathy, Senger and Ebert","companyId":"jmz168pq19","companyDirector":"Donaugh Warsap","turnover":436396,"noOfEmployees":59,"companyAddress":"071 Larry Road"},
{"companyName":"Nikolaus, Sipes and Hirthe","companyId":"ksg854nn06","companyDirector":"Tris Crowe","turnover":290084,"noOfEmployees":73,"companyAddress":"705 Superior Hill"},
{"companyName":"Legros-Bartell","companyId":"xei069dh32","companyDirector":"Grethel Fasham","turnover":850430,"noOfEmployees":72,"companyAddress":"06208 Grayhawk Street"},
{"companyName":"Braun, Flatley and Crooks","companyId":"jve903yb47","companyDirector":"Currey Stancliffe","turnover":191447,"noOfEmployees":54,"companyAddress":"1228 Macpherson Trail"},
{"companyName":"Brown, Bogan and Rolfson","companyId":"nlw712ip57","companyDirector":"Jerrold McCarlie","turnover":114386,"noOfEmployees":50,"companyAddress":"1 Lerdahl Road"},
{"companyName":"Hoeger LLC","companyId":"adi550qw28","companyDirector":"Larina Andrysek","turnover":572115,"noOfEmployees":167,"companyAddress":"0 Eliot Crossing"},
{"companyName":"Beahan LLC","companyId":"bhl642gk67","companyDirector":"Rachel Caldwell","turnover":733687,"noOfEmployees":157,"companyAddress":"29 Columbus Hill"},
{"companyName":"Cole-Kulas","companyId":"vnp063bn59","companyDirector":"Gerry Pettet","turnover":683995,"noOfEmployees":109,"companyAddress":"8538 Graceland Trail"},
{"companyName":"Rempel Group","companyId":"shj659hf05","companyDirector":"Conrado O' Borne","turnover":677863,"noOfEmployees":163,"companyAddress":"45136 Mayer Center"},
{"companyName":"Spencer Group","companyId":"kec507ni12","companyDirector":"Teodoro Bedbury","turnover":223695,"noOfEmployees":135,"companyAddress":"4 Anzinger Way"},
{"companyName":"Parker, Gislason and Berge","companyId":"xrc648as59","companyDirector":"Holmes Swetmore","turnover":989436,"noOfEmployees":109,"companyAddress":"15 Ridge Oak Way"},
{"companyName":"Lindgren, Gleason and Langosh","companyId":"gfj097hq97","companyDirector":"Zak McKernan","turnover":713790,"noOfEmployees":38,"companyAddress":"185 Iowa Place"},
{"companyName":"Schroeder Group","companyId":"pzm979vq77","companyDirector":"Kori Josefsohn","turnover":100926,"noOfEmployees":57,"companyAddress":"71 Bay Pass"},
{"companyName":"Kassulke and Sons","companyId":"nse930yx33","companyDirector":"Trumaine Dury","turnover":403006,"noOfEmployees":52,"companyAddress":"6193 6th Point"},
{"companyName":"Wuckert and Sons","companyId":"knv828ie16","companyDirector":"Robin Flewan","turnover":710674,"noOfEmployees":131,"companyAddress":"15916 New Castle Crossing"},
{"companyName":"Krajcik, Kovacek and Bode","companyId":"wjb681fp75","companyDirector":"Willabella Breede","turnover":366157,"noOfEmployees":80,"companyAddress":"31 Mifflin Terrace"},
{"companyName":"Hermiston, Johns and Collins","companyId":"tgj685yx82","companyDirector":"Burg Slainey","turnover":393526,"noOfEmployees":26,"companyAddress":"1 Trailsway Park"},
{"companyName":"Konopelski Inc","companyId":"rev125ku69","companyDirector":"Ivor Parnell","turnover":537232,"noOfEmployees":23,"companyAddress":"150 Transport Circle"},
{"companyName":"Maggio Group","companyId":"zor392ha19","companyDirector":"Victoria Ashbrook","turnover":940330,"noOfEmployees":42,"companyAddress":"1104 Thompson Plaza"},
{"companyName":"Ratke and Sons","companyId":"xhc235xf12","companyDirector":"Jon Sauven","turnover":226155,"noOfEmployees":141,"companyAddress":"3 Kinsman Road"},
{"companyName":"Gibson-McKenzie","companyId":"kqd986cg95","companyDirector":"Harriett Shrieves","turnover":322611,"noOfEmployees":81,"companyAddress":"51 Chive Trail"},
{"companyName":"Turner-Abshire","companyId":"eji494bi66","companyDirector":"Hannie Lagde","turnover":570101,"noOfEmployees":74,"companyAddress":"822 Gerald Hill"},
{"companyName":"Lueilwitz Group","companyId":"gwq714sm01","companyDirector":"Gloriane Orrow","turnover":771385,"noOfEmployees":180,"companyAddress":"46 Artisan Lane"},
{"companyName":"Labadie Inc","companyId":"wsm394fz76","companyDirector":"Hollis Kemble","turnover":672866,"noOfEmployees":27,"companyAddress":"8890 Bluejay Court"},
{"companyName":"Zieme LLC","companyId":"obo731xi37","companyDirector":"Broddy Asgodby","turnover":468491,"noOfEmployees":51,"companyAddress":"6787 Ilene Center"},
{"companyName":"Gerhold-Waters","companyId":"dlw466hg14","companyDirector":"Alic MacCurlye","turnover":246794,"noOfEmployees":48,"companyAddress":"53 Washington Park"},
{"companyName":"Von Group","companyId":"hby539ej12","companyDirector":"Tedman Kerbler","turnover":476385,"noOfEmployees":58,"companyAddress":"11 Fulton Court"},
{"companyName":"Rowe-Cummings","companyId":"pmt287aq10","companyDirector":"Audre Reyburn","turnover":895310,"noOfEmployees":54,"companyAddress":"163 Ridgeway Terrace"},
{"companyName":"Gulgowski-Klocko","companyId":"dwr199gi50","companyDirector":"Roxana Cottier","turnover":443601,"noOfEmployees":182,"companyAddress":"8478 Ronald Regan Parkway"},
{"companyName":"Ratke, Kunze and Batz","companyId":"wda013kl01","companyDirector":"Raquela Crosthwaite","turnover":104542,"noOfEmployees":49,"companyAddress":"72 Melby Place"},
{"companyName":"Hermiston, Vandervort and Purdy","companyId":"kaj224dn83","companyDirector":"Gerty De Launde","turnover":529000,"noOfEmployees":20,"companyAddress":"44 Clemons Junction"},
{"companyName":"Tremblay LLC","companyId":"ulx065uo32","companyDirector":"Bibbye Delicate","turnover":800830,"noOfEmployees":44,"companyAddress":"4 Prentice Alley"},
{"companyName":"Medhurst-Eichmann","companyId":"cln531ja13","companyDirector":"Dominique Guisot","turnover":507079,"noOfEmployees":28,"companyAddress":"8 Pond Drive"},
{"companyName":"Kutch-Howe","companyId":"dmg030sz51","companyDirector":"Mandi Ballsdon","turnover":343852,"noOfEmployees":53,"companyAddress":"45 Lyons Center"},
{"companyName":"Bayer Group","companyId":"yfs566jt34","companyDirector":"Lewiss Krates","turnover":971264,"noOfEmployees":111,"companyAddress":"77043 Old Gate Trail"},
{"companyName":"Wolf and Sons","companyId":"wsw870eq28","companyDirector":"Natasha Briance","turnover":818488,"noOfEmployees":83,"companyAddress":"0045 Warbler Road"},
{"companyName":"Lebsack-Pfannerstill","companyId":"xlv286mp11","companyDirector":"Haley Vearncombe","turnover":479281,"noOfEmployees":192,"companyAddress":"9 Boyd Pass"},
{"companyName":"Rice-Von","companyId":"xyl223qf97","companyDirector":"Henrie Goodband","turnover":562993,"noOfEmployees":199,"companyAddress":"1 Portage Drive"},
{"companyName":"Leannon Inc","companyId":"tlg634cz27","companyDirector":"Emery Sillitoe","turnover":407828,"noOfEmployees":34,"companyAddress":"156 Blackbird Place"},
{"companyName":"Bayer-Abbott","companyId":"jwe533hy57","companyDirector":"Sharai Kitchingham","turnover":306887,"noOfEmployees":120,"companyAddress":"66267 Heath Drive"},
{"companyName":"Swift, Tremblay and Quitzon","companyId":"eaa715tr65","companyDirector":"Jacynth Binion","turnover":466386,"noOfEmployees":56,"companyAddress":"50602 Prentice Terrace"},
{"companyName":"Mann-Herzog","companyId":"nae415aw01","companyDirector":"Doralyn Wark","turnover":296292,"noOfEmployees":199,"companyAddress":"44 5th Road"},
{"companyName":"Schiller and Sons","companyId":"vkh202ls00","companyDirector":"Adel Size","turnover":334311,"noOfEmployees":158,"companyAddress":"5837 Debra Court"},
{"companyName":"McLaughlin, Gleichner and Beatty","companyId":"xdh301si74","companyDirector":"Wait Walter","turnover":127569,"noOfEmployees":134,"companyAddress":"7 Crescent Oaks Lane"},
{"companyName":"Kozey-Tremblay","companyId":"wnk742lc48","companyDirector":"Morgen Reeve","turnover":297862,"noOfEmployees":167,"companyAddress":"25378 Dixon Alley"},
{"companyName":"Lesch, Wiza and Rosenbaum","companyId":"nvm730zf43","companyDirector":"Hailey Arnall","turnover":224620,"noOfEmployees":102,"companyAddress":"44 Coolidge Terrace"},
{"companyName":"Fisher Group","companyId":"izr886xv23","companyDirector":"Starlene Allsworth","turnover":122242,"noOfEmployees":167,"companyAddress":"051 Lake View Drive"},
{"companyName":"Batz-Ebert","companyId":"bie992bz95","companyDirector":"Remy Trelease","turnover":650282,"noOfEmployees":192,"companyAddress":"356 Grim Trail"},
{"companyName":"Lesch-Krajcik","companyId":"pql170ef43","companyDirector":"Mag Atcheson","turnover":977279,"noOfEmployees":73,"companyAddress":"19284 Garrison Circle"},
{"companyName":"Stroman-Russel","companyId":"bqe887bo52","companyDirector":"Deb Grigorushkin","turnover":730831,"noOfEmployees":147,"companyAddress":"7 Artisan Terrace"},
{"companyName":"Jaskolski, Boyer and Walsh","companyId":"ktf212kg01","companyDirector":"Nanny Frostdicke","turnover":351722,"noOfEmployees":95,"companyAddress":"491 International Drive"},
{"companyName":"Lowe Inc","companyId":"trd802iy08","companyDirector":"D'arcy Priditt","turnover":568328,"noOfEmployees":183,"companyAddress":"1618 Clemons Lane"},
{"companyName":"Reichel LLC","companyId":"ngf302ko24","companyDirector":"Collen Ambrois","turnover":704268,"noOfEmployees":59,"companyAddress":"6961 Hanson Hill"},
{"companyName":"Herman Inc","companyId":"toe827kf75","companyDirector":"Lucienne Stenners","turnover":852846,"noOfEmployees":93,"companyAddress":"8728 Schmedeman Trail"},
{"companyName":"Schamberger-Schaden","companyId":"xgt813wp03","companyDirector":"Delcine Swatton","turnover":955441,"noOfEmployees":181,"companyAddress":"10 Meadow Valley Hill"},
{"companyName":"Hartmann LLC","companyId":"frz255zv42","companyDirector":"Mac Wallbanks","turnover":611760,"noOfEmployees":116,"companyAddress":"09830 Rusk Circle"},
{"companyName":"Kunze Group","companyId":"tin993eh87","companyDirector":"Kalina Virgoe","turnover":846139,"noOfEmployees":174,"companyAddress":"190 Anhalt Place"},
{"companyName":"Stokes, Bogan and Armstrong","companyId":"gbd783bk87","companyDirector":"Bancroft Jouhandeau","turnover":126377,"noOfEmployees":156,"companyAddress":"490 New Castle Place"},
{"companyName":"Marvin Inc","companyId":"hml464sl16","companyDirector":"Lanie Vido","turnover":756527,"noOfEmployees":150,"companyAddress":"619 Sunnyside Hill"},
{"companyName":"Dare LLC","companyId":"mwv878gs88","companyDirector":"Ilse Borel","turnover":615925,"noOfEmployees":158,"companyAddress":"8 2nd Hill"},
{"companyName":"Casper Group","companyId":"noj608lx89","companyDirector":"Janeta Chessor","turnover":355599,"noOfEmployees":44,"companyAddress":"5307 Fair Oaks Street"},
{"companyName":"Jakubowski and Sons","companyId":"slp809jk58","companyDirector":"Susanetta Avard","turnover":908387,"noOfEmployees":92,"companyAddress":"1 Lakeland Park"},
{"companyName":"Macejkovic-Haley","companyId":"sjn030tz98","companyDirector":"Clement Derbyshire","turnover":278501,"noOfEmployees":43,"companyAddress":"6505 Vahlen Plaza"},
{"companyName":"Herman, Sawayn and Wisoky","companyId":"gzd399qi57","companyDirector":"Eulalie Vairow","turnover":929103,"noOfEmployees":125,"companyAddress":"6887 Old Gate Parkway"},
{"companyName":"Ratke Inc","companyId":"qmk185wi70","companyDirector":"Jasmine Giacovelli","turnover":942473,"noOfEmployees":120,"companyAddress":"444 Oak Road"},
{"companyName":"Herman LLC","companyId":"deo571pk78","companyDirector":"Luella Klemensiewicz","turnover":309539,"noOfEmployees":68,"companyAddress":"33356 Vermont Avenue"},
{"companyName":"Prosacco LLC","companyId":"bem390rz84","companyDirector":"Anton Scarr","turnover":154582,"noOfEmployees":32,"companyAddress":"240 Haas Parkway"},
{"companyName":"Powlowski, Lueilwitz and Satterfield","companyId":"nor571ky98","companyDirector":"Rafaelita Conen","turnover":845647,"noOfEmployees":75,"companyAddress":"643 Browning Court"},
{"companyName":"Gislason-Schinner","companyId":"ycz008zr30","companyDirector":"Winfred Geroldi","turnover":659465,"noOfEmployees":104,"companyAddress":"6 Brown Park"},
{"companyName":"Jacobson, Lindgren and Runolfsson","companyId":"xdj349sz72","companyDirector":"Rachel Bernardoni","turnover":521644,"noOfEmployees":120,"companyAddress":"0 Glendale Pass"},
{"companyName":"Wuckert and Sons","companyId":"xrh039zp87","companyDirector":"Odelle Richardet","turnover":260704,"noOfEmployees":26,"companyAddress":"09 Menomonie Road"},
{"companyName":"Gottlieb-Smitham","companyId":"lss167gt41","companyDirector":"Clarinda Budnk","turnover":490578,"noOfEmployees":79,"companyAddress":"41 Mockingbird Center"},
{"companyName":"DuBuque LLC","companyId":"csi631xi20","companyDirector":"Artie Addey","turnover":285492,"noOfEmployees":53,"companyAddress":"5625 Linden Hill"},
{"companyName":"Dicki-Parisian","companyId":"skr755hc91","companyDirector":"Aili Gaffney","turnover":924071,"noOfEmployees":64,"companyAddress":"46090 Lighthouse Bay Place"},
{"companyName":"Reichel-Volkman","companyId":"zyz328di24","companyDirector":"Shani Sissons","turnover":530385,"noOfEmployees":92,"companyAddress":"07 Kennedy Avenue"},
{"companyName":"Bartell-Ledner","companyId":"syz359iv61","companyDirector":"Matilda Gilluley","turnover":263354,"noOfEmployees":51,"companyAddress":"2 Hagan Junction"},
{"companyName":"Rice, Hickle and Ward","companyId":"okn417lj24","companyDirector":"Rex Levey","turnover":733145,"noOfEmployees":40,"companyAddress":"18 Algoma Pass"},
{"companyName":"Thiel, Bauch and Satterfield","companyId":"umx446bt07","companyDirector":"Edithe Adnams","turnover":384807,"noOfEmployees":82,"companyAddress":"9 Ramsey Place"},
{"companyName":"Daniel-Wolf","companyId":"vdy780an60","companyDirector":"Yank Albiston","turnover":461893,"noOfEmployees":72,"companyAddress":"63124 Reinke Circle"},
{"companyName":"Lubowitz and Sons","companyId":"qly867cd25","companyDirector":"Garvy Beswetherick","turnover":695613,"noOfEmployees":27,"companyAddress":"98897 Luster Way"},
{"companyName":"Marquardt-Wolf","companyId":"dgl419kx68","companyDirector":"Galen Campbell-Dunlop","turnover":332076,"noOfEmployees":174,"companyAddress":"61 Victoria Parkway"},
{"companyName":"Stehr-Pouros","companyId":"nhu591rh50","companyDirector":"Jonis Challen","turnover":849861,"noOfEmployees":43,"companyAddress":"56743 Jenifer Trail"},
{"companyName":"Krajcik Inc","companyId":"rjx479le07","companyDirector":"Harrison Bellchamber","turnover":447961,"noOfEmployees":45,"companyAddress":"6630 Hooker Parkway"},
{"companyName":"Rath Group","companyId":"mnu592mq00","companyDirector":"Cristie St. Clair","turnover":968082,"noOfEmployees":131,"companyAddress":"1930 Texas Point"},
{"companyName":"Donnelly-Schimmel","companyId":"bwx094ir46","companyDirector":"Debra Sweatland","turnover":734712,"noOfEmployees":51,"companyAddress":"37761 Sullivan Circle"},
{"companyName":"O'Kon Group","companyId":"odi396ax98","companyDirector":"Roseann Tight","turnover":675759,"noOfEmployees":128,"companyAddress":"851 Alpine Park"},
{"companyName":"Beier Inc","companyId":"zbo072mn43","companyDirector":"Miles Snadden","turnover":894587,"noOfEmployees":56,"companyAddress":"75 Acker Way"},
{"companyName":"Frami Group","companyId":"pzq593jx60","companyDirector":"Dana Gianilli","turnover":947289,"noOfEmployees":21,"companyAddress":"46 Riverside Road"},
{"companyName":"Larkin, Fritsch and Kreiger","companyId":"tbr688vu48","companyDirector":"Merry Matyasik","turnover":549367,"noOfEmployees":26,"companyAddress":"1219 Monument Parkway"},
{"companyName":"Leffler-McDermott","companyId":"qcv886vj97","companyDirector":"Karena Berling","turnover":565952,"noOfEmployees":129,"companyAddress":"34832 Manley Place"},
{"companyName":"VonRueden, Conroy and Spinka","companyId":"hly684tj95","companyDirector":"Reinold Hadenton","turnover":744745,"noOfEmployees":39,"companyAddress":"51640 Monument Avenue"},
{"companyName":"Powlowski Group","companyId":"fdj784mc77","companyDirector":"Xena Quilter","turnover":514276,"noOfEmployees":129,"companyAddress":"7 Everett Parkway"},
{"companyName":"Zemlak-Vandervort","companyId":"ove325fz14","companyDirector":"Herschel Sumnall","turnover":284109,"noOfEmployees":145,"companyAddress":"9 Lakewood Gardens Terrace"}
]