[
{"companyId":"OC301540","companyDirector":"Director-OC301540","turnover":973397,"noOfEmployees":35,"companyUTR":"UTR-OC301540","companyPAYE":"PAYE-OC301540", "companyVAT":"VAT-OC301540"},
{"companyId":"08639458","companyDirector":"Director-08639458","turnover":438459,"noOfEmployees":100,"companyUTR":"UTR-08639458","companyPAYE":"PAYE-08639458", "companyVAT":"VAT-08639458"},
{"companyId":"05977659","companyDirector":"Director-05977659","turnover":384718,"noOfEmployees":107,"companyUTR":"UTR-05977659","companyPAYE":"PAYE-05977659", "companyVAT":"VAT-05977659"},
{"companyId":"06905245","companyDirector":"Director-06905245","turnover":171561,"noOfEmployees":167,"companyUTR":"UTR-06905245","companyPAYE":"PAYE-06905245", "companyVAT":"VAT-06905245"},
{"companyId":"09731021","companyDirector":"Director-09731021","turnover":100000,"noOfEmployees":200,"companyUTR":"UTR-09731021","companyPAYE":"PAYE-09731021", "companyVAT":"VAT-09731021"},
{"companyId":"09084835","companyDirector":"Director-09084835","turnover":200000,"noOfEmployees":10,"companyUTR":"UTR-09084835","companyPAYE":"PAYE-09084835", "companyVAT":"VAT-09084835"},
{"companyId":"05833370","companyDirector":"Director-05833370","turnover":200000,"noOfEmployees":10,"companyUTR":"UTR-05833370","companyPAYE":"PAYE-05833370", "companyVAT":"VAT-05833370"},
{"companyId":"10854926","companyDirector":"Director-10854926","turnover":200000,"noOfEmployees":10,"companyUTR":"UTR-10854926","companyPAYE":"PAYE-10854926", "companyVAT":"VAT-10854926"},
{"companyId":"07653476","companyDirector":"Director-07653476","turnover":200000,"noOfEmployees":10,"companyUTR":"UTR-07653476","companyPAYE":"PAYE-07653476", "companyVAT":"VAT-07653476"}
]