[
{"companyId":"OC301540","sortCode":"sort-number-OC301540","accountNumber":"301540"},
{"companyId":"08639458","sortCode":"sort-number-08639458","accountNumber":"8639458"},
{"companyId":"05977659","sortCode":"sort-number-05977659","accountNumber":"5977659"},
{"companyId":"06905245","sortCode":"sort-number-06905245","accountNumber":"06905245"},
{"companyId":"09731021","sortCode":"sort-number-09731021","accountNumber":"09731021"},
{"companyId":"09084835","sortCode":"sort-number-09084835","accountNumber":"09084835"},
{"companyId":"05833370","sortCode":"sort-number-05833370","accountNumber":"05833370"},
{"companyId":"10854926","sortCode":"sort-number-10854926","accountNumber":"10854926"},
{"companyId":"07653476","sortCode":"sort-number-07653476","accountNumber":"07653476"}
]